chi,dx,largest_stable_dt
8.0,0.08,0.25
8.0,0.1,0.25
8.0,0.2,0.25
12.0,0.08,0.03125
12.0,0.1,0.03125
12.0,0.2,NaN
16.0,0.08,NaN
16.0,0.1,NaN
16.0,0.2,NaN
8.0,0.04,0.25
8.0,0.05,0.25
10.0,0.04,0.125
10.0,0.05,0.125
10.0,0.08,0.125
10.0,0.1,0.125
10.0,0.2,0.0625
12.0,0.04,0.0625
12.0,0.05,0.0625
14.0,0.04,0.03125
14.0,0.05,0.03125
14.0,0.08,0.015625
14.0,0.1,0.015625
14.0,0.2,NaN
16.0,0.04,0.015625
16.0,0.05,0.0078125
